Asus Zenfone Front	https://image.com/asus_Zenfone_Front	1
Asus Zenfone Back	https://image.com/asus_Zenfone_Back	1
Asus Zenfone camera	https://image.com/asus_Zenfone_Camera	1
Lenovo core i5 front	https://image.com/Lenovo_core_i5_front	3
Lenovo core i5 back	https://image.com/Lenovo_core_i5_back	3
Apple iPad 6th gen front	https://image.com/Apple_iPad_6th_gen_front	5
Apple iPad 6th gen back	https://image.com/Apple_iPad_6th_gen_back	5
Apple iPad 6th gen side	https://image.com/Apple_iPad_6th_gen_side	5
Alchemist front	https://image.com/Alchemist_front	6
Alchemist back	https://image.com/Alchemist_back	6
Rich dad poor dad	https://image.com/Rich_dad_poor_dad	7
Cricket bat	https://image.com/Cricket_bat	9
Double bed top	https://image.com/Double_bed_top	11
Double bed left	https://image.com/Double_bed_left	11
Double bed right	https://image.com/Double_bed_right	12
Blue chairs 4psc top	https://image.com/Blue_chairs_4psc_top	12